{
    "globalWorkSize": "[dataset,dataset]", 
    "inputBuffers": [
        {
            "break": 0,
            "pos": 0, 
            "size": "dataset**2", 
            "type": "float"
        }, 
        {
            "break": 0,
            "pos": 1, 
            "size": "dataset**2", 
            "type": "float"
        }
    ], 
    "name": "mm2_kernel1", 
    "outputBuffers": [
        {
            "break": 0,
            "pos": 2, 
            "size": "dataset**2", 
            "type": "float"
        }
    ], 
    "partition": 8, 
    "src": "2mm.cl", 
    "varArguments": [
        {
            "pos": 3, 
            "type": "int", 
            "value": "partition_round(dataset, size_percent)"
        }, 
        {
            "pos": 4, 
            "type": "int", 
            "value": "dataset"
        }, 
        {
            "pos": 5, 
            "type": "int", 
            "value": "dataset"
        }
    ], 
    "workDimension": 2
}