{
    "globalWorkSize": "[dataset]", 
    "inputBuffers": [
        {
            "break": 1, 
            "pos": 0, 
            "size": "dataset", 
            "type": "float"
        }, 
        {
            "break": 0, 
            "pos": 1, 
            "size": "dataset**2", 
            "type": "float"
        }
    ], 
    "name": "std_kernel", 
    "outputBuffers": [
        {
            "break": 1, 
            "pos": 2, 
            "size": "dataset", 
            "type": "float"
        }
    ], 
    "partition": 8, 
    "src": "correlation.cl", 
    "varArguments": [
        {
            "pos": 3, 
            "type": "float", 
            "value": "3214212.01"
        }, 
        {
            "pos": 4, 
            "type": "float", 
            "value": "0.005"
        }, 
        {
            "pos": 5, 
            "type": "int", 
            "value": "partition_round(dataset, size_percent)"
        }, 
        {
            "pos": 6, 
            "type": "int", 
            "value": "dataset"
        }
    ], 
    "workDimension": 1
}