{
    "globalWorkSize": "[dataset,dataset]", 
    "inputBuffers": [
        {
            "break": 0, 
            "pos": 1, 
            "size": "dataset**2", 
            "type": "float"
        }
    ], 
    "name": "uncoalesced_copy", 
    "outputBuffers": [
        {
            "break": 0, 
            "pos": 0, 
            "size": "dataset**2", 
            "type": "float"
        }
    ], 
    "partition": 10, 
    "src": "transpose.cl", 
    "varArguments": [
        {
            "pos": 2, 
            "type": "int", 
            "value": "0"
        }, 
        {
            "pos": 3, 
            "type": "int", 
            "value": "dataset"
        }, 
        {
            "pos": 4, 
            "type": "int", 
            "value": "dataset"
        }
    ], 
    "workDimension": 2
}