{
    "ecos": {
        "128": 15.0, 
        "256": 15.0, 
        "512": 15.0, 
        "1024": 15.0, 
        "2048": 15.0, 
        "4096": 15.0, 
        "8192": 15.0
    }, 
    "globalWorkSize": "[dataset]", 
    "inputBuffers": [
        {
            "break": 1, 
            "pos": 1, 
            "size": "dataset", 
            "type": "float"
        },
	    {
            "break": 1, 
            "pos": 2, 
            "size": "dataset", 
            "type": "float"
        }
       
    ], 
    "name": "bilateralFilterKernel", 
    "outputBuffers": [
        {
            "break": 1, 
            "pos": 0, 
            "size": "dataset", 
            "type": "float"
        }
    ], 
    "partition": 10, 
    "src": "bilateralFilterKernel.cl",
    "varArguments":[
        {
            "pos": 3, 
            "type": "float", 
            "value": "1"
        }
	,
	{
            "pos": 4, 
            "type": "int", 
            "value": "1"
        }
	
    ], 	 
    "workDimension": 1
    


}
